day,n_flagged,n_high_risk,mean_risk,max_risk,n_users,n_insiders_flagged
1,0,0,1.0914352202960862,2.2892322465318298,200,0
2,0,0,1.0083325987263532,1.949745600660328,184,0
3,0,0,0.5049856418583678,2.6307431335040783,4000,0
4,0,0,0.46150569036997785,2.2845564812918866,4000,0
5,17,9,0.584260180891517,7.097781585605788,3996,0
6,55,21,0.531956749203257,7.308559507841165,4000,0
7,860,119,1.7926441712178924,7.216477082796437,4000,0
8,68,34,2.9746333239539573,8.167978743953991,209,0
9,44,16,2.482365891662873,7.522607124524531,188,0
10,974,295,2.1880732768372795,7.5685682018389775,3999,0
11,483,84,1.6788052448169746,7.244253370644214,4000,0
12,248,28,1.3916966028580986,7.513192712051471,4000,0
13,327,79,1.518446012019372,7.694977965895614,3999,0
14,101,9,1.0862420558314072,7.41757801812535,4000,0
15,27,13,2.13030681710896,7.401361597215398,206,0
16,26,5,2.216573882829096,7.212691748247042,203,0
17,210,40,1.2934353697525638,7.592238913642038,4000,0
18,98,8,1.1142667399384834,7.479056852286837,4000,0
19,41,2,0.9609104050399104,6.356920832956599,4000,0
20,20,1,0.8197593285992274,7.20070502152581,4000,0
21,68,5,1.0568714273239417,6.6203946416362935,4000,0
22,49,15,2.4229697270574397,6.95308602339465,251,0
23,6,1,1.6790896453287645,6.440382310808432,184,0
24,65,8,1.0709963321363847,7.572626395084344,4000,0
25,25,0,0.9199828009993217,5.726043757676758,4000,0
26,40,4,0.9296444403992078,7.514672329361119,4000,0
27,60,7,0.9323607284461104,7.942302523558951,4000,0
28,36,6,0.8843658958535278,7.453559980519116,4000,0
29,8,3,1.7170538676732554,7.0202419199109976,201,0
30,11,2,1.6819039974025989,6.526665826221599,186,0
31,65,12,0.9366766460878231,7.853284599379793,4000,0
32,28,0,0.8043183036239077,5.800723812680574,3999,0
33,28,3,0.8020444467895202,6.831703610281442,3998,0
34,18,3,0.7610538500003855,6.890797712803093,3995,0
35,53,6,0.9271978577527443,7.464952934937307,3992,0
36,35,12,2.1522897484643333,7.45194784284308,263,0
37,15,1,1.8683035437054447,6.180026584184379,185,0
38,84,12,1.0028349808104982,7.509797549794011,3991,0
39,33,4,0.8637811463237607,7.2643373557134625,3993,0
40,31,2,0.7514820933733175,6.916401655452342,3993,0
41,46,7,0.8719994061575388,7.408690768668288,3991,0
42,22,1,0.8151728943887283,6.370280074602201,3992,0
43,11,2,1.6474305687001656,6.382502984804217,183,0
44,7,0,1.6335765332153591,5.576264721129353,184,0
45,67,8,0.9934812036228322,7.211887520874428,3986,0
46,33,2,0.8825561204345472,6.978173664705198,3986,0
47,99,11,1.131308767868552,7.172265799370382,3986,0
48,30,2,0.9427906462314734,6.113594641476943,3986,0
49,53,4,1.0152441242199302,7.288991673661143,3985,0
50,18,2,1.876609255381274,7.043087062878132,205,0
51,15,1,1.8844002560131634,6.495104557790632,204,0
52,25,4,0.9535585356611708,6.8703142168575,3980,0
53,85,6,1.1162873421404305,6.897898034540144,3979,0
54,36,2,0.9333854079619482,7.236863061352029,3980,0
55,32,2,0.9033345438575275,6.970983972647748,3979,0
56,38,3,0.9425710711793494,6.85382857287262,3978,0
57,12,4,1.8653163705966151,6.718269867159322,189,0
58,19,1,2.0363344361826745,6.357900043626799,204,0
59,96,16,1.1115805175494584,7.587627859636709,3977,0
60,43,8,0.8845663422195672,7.222979652333634,3976,0
61,71,9,0.9043347111031385,7.235097379883011,3975,0
62,126,24,1.0656489648124794,7.547277257210631,3973,0
63,141,36,1.1228812485755149,7.92286019815821,3972,0
64,62,28,2.8706905542579757,7.823391137805133,236,0
65,24,6,2.319636566016996,6.998737184503832,182,0
66,151,28,1.11740873737735,7.973111440280179,3966,0
67,204,32,1.2936884553338197,7.713908817485704,3964,0
68,187,23,1.2942075315625605,8.038231235707045,3964,0
69,128,22,1.1514828282673084,7.528255041267303,3963,0
70,162,24,1.301080591389496,8.119016112247511,3963,0
71,56,25,2.764412694402909,7.946930403169879,225,0
72,22,5,2.189408754251732,6.549609150989927,183,0
73,190,29,1.3419820516862973,7.627205479345455,3962,0
74,101,17,1.1336358705053677,7.307967869996493,3961,0
75,84,15,1.006510106286246,7.799119273464526,3960,0
76,105,18,1.1204806918001178,8.194426601280846,3959,0
77,142,32,1.1359877110224887,7.153422878310798,3960,0
78,48,26,2.521077731812346,7.530697821445376,232,0
79,15,4,1.944145767655417,7.206242646619901,182,0
80,109,16,1.0856264031478655,8.003857060028473,3957,0
81,136,21,1.1425932083192354,8.088466002913012,3955,0
82,182,44,1.293033890590623,7.917889360918738,3957,0
83,120,15,1.1380126504587633,7.509305623152151,3957,0
84,106,15,1.1128204878854402,7.0640910123581255,3956,0
85,22,4,2.0274690941615408,7.3203923125345,191,0
86,21,4,2.0152344666914694,7.849880662578221,182,0
87,136,28,1.2106072966113026,7.421588103100561,3954,0
88,207,56,1.3651298470005742,7.62321404481824,3952,0
89,148,14,1.2099399849775259,7.693195020024374,3952,0
90,152,18,1.2668017999661578,7.539892511531735,3952,0
91,12,4,1.7179423792445854,6.8284267400169805,186,0
92,11,2,1.660842509719602,7.642435797572449,182,0
93,16,5,1.8983979101885997,7.520914107697254,181,0
94,194,44,1.3558816674288927,7.986159115611462,3952,0
95,154,23,1.2903036282344866,7.714754791607511,3949,0
96,77,15,1.0906711871336012,7.888136037837572,3948,0
97,80,13,1.0023207375768948,7.146787388013871,3948,0
98,73,11,0.9331344107604301,7.6915303901869505,3948,0
99,18,4,1.9769029576993151,8.039105372000908,197,0
100,16,1,1.9413427662687408,6.269293328038248,183,0
101,134,22,1.1006443576560532,7.763014909260646,3941,0
102,86,6,1.0370871268367965,7.710911998078632,3945,0
103,100,11,1.0785832798761559,7.917913448622612,3945,0
104,65,15,0.9624585583748024,7.632510216875535,3944,0
105,88,14,1.080964637348789,8.115739528637587,3942,0
106,64,29,2.702119205141995,7.742164687927617,261,0
107,20,3,2.099991558558018,7.099905879699279,181,0
108,123,21,1.114501288651091,7.891388381863664,3936,0
109,99,16,1.0430904949114221,7.92209989358918,3935,0
110,90,14,1.0617051257315533,7.452980531776256,3934,0
111,102,19,1.0830169408487897,7.644604744842991,3934,0
112,121,18,1.1358989559022992,7.61664511863786,3932,0
113,21,9,2.060949011415583,7.459890918407765,213,0
114,20,4,2.064717653539183,7.17025221548416,184,0
115,140,25,1.2113765123936506,7.753530168755833,3926,0
116,167,36,1.2749902835228135,7.761756547572438,3927,0
117,87,17,1.0770750935546782,7.47382479772456,3928,0
118,94,24,0.987437470253231,7.587916745213675,3928,0
119,132,13,1.1224081624126259,7.570523972339193,3928,0
120,52,18,2.5942226562533475,7.764745093133491,240,0
121,20,2,2.041535990785071,6.705387111329194,187,0
122,83,18,0.9787137264530633,7.669454005335374,3927,0
123,63,12,0.928143599098777,6.872097261683467,3924,0
124,72,13,0.8869229174424208,7.138414202707321,3923,0
125,90,19,0.9113185964738619,7.75877868959063,3923,0
126,122,20,1.0460832408915992,7.759128346470136,3921,0
127,72,28,2.945199091413929,7.791570333924441,249,0
128,15,2,1.953716975598716,6.4030240442136215,182,0
129,118,27,0.9793170438959538,7.821495457270857,3919,0
130,92,10,0.9395754653887776,7.405335340891676,3921,0
131,78,8,0.9238264233445532,7.413862659458411,3921,0
132,117,15,1.107617848940951,7.969968039831363,3921,0
133,122,18,1.123210832260039,8.1107724640939,3921,0
134,26,10,2.1953795391093296,7.714374465988445,191,0
135,21,2,2.0251613983543115,7.689103561834465,186,0
136,123,17,1.1291096247219088,8.02429762112194,3920,0
137,171,38,1.266988178145157,7.679448268616976,3916,0
138,130,25,1.143383685603646,8.000236086261138,3918,0
139,243,48,1.4413798092120196,8.07397887749958,3918,0
140,148,23,1.2979219646608116,7.868772958731799,3918,0
141,19,4,1.8770716839809463,6.968748019575231,207,0
142,19,5,2.01864545984949,7.945222083886683,181,0
143,132,20,1.2040414784019713,7.133715745180503,3914,0
144,122,21,1.1302265224957002,7.074926845267494,3914,0
145,103,25,1.063261562766411,7.606731909641812,3912,0
146,158,27,1.2459435426451397,8.04148958357304,3912,0
147,118,22,1.1173067736927373,7.301094407788451,3912,0
148,14,4,1.8290199735650279,7.395498473508682,183,0
149,20,7,2.2006733740673377,7.345134897113534,205,0
150,23,5,1.9555582794451631,7.336994481933826,178,0
151,171,45,1.1923419175305237,7.7946787828702915,3907,0
152,170,37,1.1855567670478138,7.989941675647702,3907,0
153,132,16,1.1320238270533203,7.469548526023986,3906,0
154,111,16,1.1145786202292436,7.510059563711566,3906,0
155,16,4,1.9279799344688564,7.809920665635725,182,0
156,13,4,1.8467426640639466,6.92097410263499,183,0
157,127,25,1.189102231833842,7.642289229260702,3905,0
158,96,16,1.0528594214055116,7.682826409310423,3905,0
159,83,9,1.0527350863473541,7.8425894279826815,3903,0
160,118,17,1.1445080031939285,7.315523291914771,3903,0
161,78,10,1.0345849988713112,6.869410296753268,3903,0
162,13,2,1.8072267416285084,6.465949834613925,193,0
163,23,3,2.1207357584465485,7.437003691684247,197,0
164,130,23,1.1672158722595685,7.881199668571003,3901,0
165,86,14,1.0342188238422072,6.93026345030006,3901,0
166,67,19,0.9612425137617809,7.627324111504195,3901,0
167,84,20,0.9617570671144327,8.01696358026361,3901,0
168,78,17,0.924776141051172,7.380453581125243,3901,0
169,24,4,2.113973494442882,7.59373572388198,178,0
170,15,5,1.936138044712631,7.794536708694399,190,0
171,123,22,1.092518794981605,8.045189640684882,3900,0
172,99,8,1.0656315380000376,8.034761562262041,3899,0
173,141,26,1.159984102103282,8.209781074891467,3898,0
174,130,18,1.1071570770701757,7.98378571839634,3898,0
175,152,23,1.247614496504737,7.414489678295043,3898,0
176,21,5,2.0058084115721084,7.615211299375569,196,0
177,25,4,2.106278800407398,6.9919357539190825,176,0
178,195,28,1.345250733144109,7.78770099087937,3894,0
179,152,26,1.2258743423340623,7.596648766776908,3893,0
180,143,23,1.209830655134916,7.316459750473027,3892,0
181,125,13,1.1798233461557355,7.641685798130177,3892,0
182,220,38,1.4125864012405702,8.133217288862824,3892,0
183,84,41,3.1210524680425253,7.702400350553074,248,0
184,25,7,2.2191761006463153,7.490379904884259,182,0
185,12,3,1.7513683792026218,7.228216130652674,180,0
186,259,62,1.4601185472402742,8.251569753553419,3887,0
187,156,36,1.242081068790729,7.6464026483488094,3886,0
188,169,27,1.2447016917695526,7.652305396590572,3885,0
189,116,26,1.081455994362356,7.718667670673059,3884,0
190,19,4,2.0679267363476215,7.953244012648666,189,0
191,23,3,2.1592808175821383,7.951413510042422,197,0
192,123,31,1.0309055535929175,8.14395917694366,3881,0
193,85,18,0.9677648127670387,7.560795486302652,3880,0
194,92,23,0.9467549824703256,7.504037051469157,3879,0
195,107,24,0.9999379377772926,7.809444600697492,3878,0
196,97,24,0.9552618023652845,7.690308054837174,3879,0
197,33,11,2.41566867421742,7.599279451787881,205,0
198,18,7,2.0916398989962373,7.989654910536474,203,0
199,91,20,0.9328986510661476,7.503416389635007,3878,0
200,99,20,0.9519078803488175,7.150729447533437,3874,0
201,78,22,0.8876275880213104,7.991017080456843,3878,0
202,90,13,0.9901241442829273,8.330316656377223,3877,0
203,105,18,1.006884875155493,7.483623007489628,3876,0
204,19,4,1.9629814518408057,7.110090225588976,179,0
205,26,5,2.0292564978929706,7.559598063856364,188,0
206,94,13,1.022310461325923,7.580098231819949,3875,0
207,108,20,1.031927701131032,8.143907543578862,3874,0
208,101,19,1.0437323987071319,7.508797610324573,3873,0
209,160,38,1.2439110610311892,7.716417891692923,3871,0
210,98,24,1.0608623886396118,8.291258228884182,3871,0
211,21,2,2.0166568278814028,7.617732637796611,199,0
212,34,12,2.4631372969097245,7.5332369827633405,179,0
213,173,37,1.2189427012418126,8.001217034431356,3867,0
214,119,25,1.1152434102639512,7.669462437413324,3866,0
215,230,39,1.38094978261751,8.053085541875308,3866,0
216,193,37,1.2867005871432469,7.5934058365322015,3865,0
217,156,33,1.227745892641147,7.679387538746863,3866,0
218,19,5,2.048703628069789,7.518171078005162,178,0
219,24,4,2.1169635931574864,7.388458354679301,189,0
220,226,52,1.3597594895465301,7.8567698223917875,3864,0
221,144,23,1.2047106013185143,7.208659300675593,3864,0
222,146,27,1.2316296764607284,7.459564926282297,3864,0
223,242,42,1.4586941584160016,8.508895162113363,3864,1
224,174,44,1.3075014010811563,8.465577071978231,3864,0
225,32,9,2.2798135632381396,8.186254430573527,190,0
226,26,6,2.2507517787838123,7.075361625085545,201,0
227,236,44,1.4040533317937298,7.646448742553772,3860,0
228,153,40,1.2126153709048293,7.467484632180996,3860,0
229,202,45,1.3903522007983578,8.072282833861554,3859,1
230,194,36,1.2949299150553315,8.447455162292062,3860,1
231,156,40,1.208733758181166,8.048605278518007,3856,1
232,41,18,2.382469934564936,9.370310700355166,213,1
233,12,1,1.9651481730938563,6.047189390202122,176,0
234,188,36,1.259904150880393,8.143411411588907,3855,1
235,134,28,1.1583801852225348,9.433790212788672,3855,1
236,118,25,1.089174137288961,9.559624595064548,3855,0
237,128,25,1.0603045236810078,7.665307503235116,3853,0
238,118,39,1.0604451074115693,7.525652479598899,3853,0
239,25,5,2.1303318212863522,7.494593483692523,175,0
240,27,4,2.1805063504887934,7.128515949549159,203,0
241,136,34,1.0183645006031639,7.596783801055589,3851,0
242,107,29,0.9862582076904028,7.851881649112752,3851,0
243,102,20,0.9616425315346336,7.343105210745192,3851,0
244,128,29,1.068480711665981,7.787241285808929,3850,0
245,109,18,0.9994552615470652,7.825255796560119,3851,0
246,25,6,2.1499333370081324,7.4455186925533825,177,0
247,31,5,2.183246699075008,7.439824374318072,195,0
248,17,4,1.9527307910199925,7.646132936688521,171,0
249,139,29,1.1253561897581255,7.939749447427498,3850,0
250,127,31,1.0618580307855643,8.241206481804063,3850,0
251,106,15,1.0502169585049979,7.516724078463202,3848,0
252,88,15,1.0217336209279873,7.378582916495628,3847,0
253,17,2,2.099008289323685,8.148833523521565,177,0
254,25,8,2.2147607470601725,7.073783118799551,199,0
255,144,19,1.1821187953456143,8.12193829955974,3844,0
256,181,27,1.3282699668618942,7.973591332037988,3842,0
257,246,54,1.4668628250375344,8.070449337657553,3841,0
258,171,30,1.3546006181974724,7.846562974813079,3840,0
259,154,25,1.3329300638629602,7.772776832299557,3839,0
260,23,3,2.063773192293947,7.319393945481111,186,0
261,17,2,1.9911447783129776,7.930435749556735,174,0
262,142,19,1.2722388697287277,7.877554059837833,3838,0
263,123,24,1.2351124487680476,7.775745563467518,3837,0
264,161,30,1.2546944938597684,7.569439485774008,3835,0
265,152,35,1.2275111083388102,7.475607053542292,3836,0
266,126,36,1.13564438738694,7.334077549818175,3835,0
267,26,7,2.0754659326009253,7.441411470306765,193,0
268,26,8,2.183360231709083,7.909762244837784,180,0
269,187,39,1.2880197606251136,8.072771079235816,3833,0
270,142,24,1.1780134374596747,7.407846264939959,3832,0
271,147,26,1.2134237100095577,7.894021244578645,3832,0
272,124,16,1.066933235883243,7.191139330912688,3831,0
273,143,29,1.1676141167278886,8.13433658966881,3830,0
274,69,35,2.9951699710670954,7.848129330363421,237,0
275,21,8,2.105206980725562,7.939849477500201,180,0
276,157,21,1.1222090081197273,7.872132185645902,3821,0
277,157,17,1.1959495439843157,8.065532236506389,3821,0
278,137,20,1.1325147939615294,7.397666200108499,3820,0
279,124,19,1.1493563034607321,7.968048003926012,3820,0
280,102,36,1.0700532687353967,7.647344549274595,3819,0
281,27,14,2.3569253446773915,7.5586112674150785,198,0
282,19,1,2.1030493433716737,6.524257691439102,184,0
283,124,21,1.045265894989107,7.649690196130284,3815,0
284,108,28,1.0312999789917603,7.798571043801282,3815,1
285,140,34,1.1116303337209197,7.472666502783686,3812,0
286,134,19,1.0966948478198415,7.916052157565383,3813,0
287,114,21,1.0668220825272694,7.574929673194713,3811,0
288,27,5,2.0119398185893886,7.3600197921827695,177,0
289,24,4,2.255679561247704,7.232440783541397,205,0
290,114,11,1.1395241681692838,7.435110999463149,3809,0
291,175,29,1.279924536163082,7.71832687815036,3810,0
292,176,29,1.3186383212437058,7.936135407471588,3808,0
293,336,87,1.5161179477836764,8.15501123063104,3806,0
294,183,32,1.2902980796685106,7.864803797205732,3806,0
295,20,9,1.9478060054285018,7.032223761105958,177,0
296,20,5,1.944396401023584,6.604444513568482,170,0
297,154,28,1.2468051767043984,7.569852432777671,3805,0
298,156,25,1.2262630321900359,8.2284179851859,3805,0
299,211,39,1.370602921357726,8.091863201171805,3803,0
300,241,44,1.4237522993125724,7.69795491741057,3803,0
301,132,16,1.209524840817173,7.599584996720152,3804,0
302,27,6,2.073640594671842,7.573237656944186,175,0
303,27,10,2.282042419482714,7.990174852117727,173,0
304,134,33,1.140975198865661,7.888785378966656,3803,0
305,125,15,1.166259640008332,7.341130349219701,3802,0
306,131,33,1.2153884887388091,8.070213528902105,3801,0
307,127,30,1.115773856098162,7.092761216943683,3802,0
308,141,34,1.181900466875315,7.6438403885535715,3801,0
309,66,36,2.865649987919859,7.719699290298001,245,0
310,26,7,2.2483768142438456,7.531248429764966,167,0
311,206,39,1.2912689910914559,7.917110957722739,3801,0
312,184,39,1.235193584541589,7.961383135521801,3801,0
313,219,45,1.3708290363202542,7.749659345545761,3798,0
314,177,30,1.2206888808472047,7.747140868653777,3797,0
315,204,31,1.2935702602540018,8.132698089149233,3795,0
316,73,40,2.8932382489891104,7.951602743681325,257,0
317,20,4,2.0794145253100904,6.95942627428582,180,0
318,184,36,1.2543256344765092,8.344870613960595,3791,0
319,164,26,1.2353184076505939,7.691896784152278,3789,0
320,206,39,1.3591971902524527,7.753365843414232,3787,0
321,221,47,1.3954276093679117,7.923267999742371,3787,0
322,125,20,1.184017706567955,7.8001343897014275,3787,0
323,33,9,2.36177829751362,7.54319299121816,202,0
324,33,5,2.3729453042824264,7.612136970840271,185,0
325,185,33,1.3121489105316306,7.850149723321508,3784,0
326,186,35,1.3396579610595516,7.975276963949152,3783,0
327,143,22,1.2094968556844943,7.515990850812749,3784,0
328,15,2,1.7034431340382532,6.521580821975189,169,0
329,12,3,1.7197203734218252,7.520557458638492,199,0
330,19,8,2.085435425351737,7.715579426497386,173,0
331,25,5,2.2291424509283626,7.104182325521655,177,0
332,157,43,1.210981161365225,7.952586659814181,3775,0
333,111,24,1.1002208800173316,7.38086857939141,3773,0
334,113,34,1.0452233188443398,7.435776938213276,3773,0
335,96,14,1.0301554963739317,7.155390506494575,3773,0
336,79,11,1.02823539804868,7.621875342149109,3770,0
337,21,6,2.02296397126873,7.970768054357284,181,0
338,22,6,2.2010205078071032,7.324920995994725,182,0
339,96,12,1.140121015760649,7.207351949356554,3767,0
340,85,17,1.0147505990106496,7.863583012307217,3766,0
341,67,7,1.0099978093972646,7.524263513339544,3763,0
342,82,16,1.078615196129326,7.8871868261833695,3763,0
343,80,17,1.0523976924776166,7.884354766629614,3761,0
344,23,7,1.9734604129717608,6.988271536162836,194,0
345,31,11,2.1609276373504485,7.456505987115645,189,0
346,121,24,1.180301784058903,8.432422486264848,3758,0
347,167,37,1.2719551590341969,7.880819760394455,3759,0
348,183,33,1.2618879174132256,7.970232209501749,3758,0
349,150,35,1.224447852151703,7.698611512112722,3756,0
350,149,34,1.17862852122651,7.589250302078168,3753,0
351,16,5,2.0230047513561606,7.046349043228395,178,0
352,26,5,2.176136262270555,7.524643506898881,172,0
353,189,38,1.3026471199588436,7.992296225282882,3751,0
354,193,47,1.274895993565662,8.43755582483838,3749,0
355,119,29,1.1225298518509492,7.445561107105391,3748,0
356,17,5,1.8754616875003263,7.017942547844382,172,0
357,16,3,1.7818988591276879,7.181264282741967,163,0
358,26,7,2.243783102904171,7.393707494284047,210,0
359,18,2,2.0467259632626775,6.649878881165169,188,0
360,139,26,1.0436851057344683,7.487206271966586,3745,0
361,100,9,1.1011694300948351,7.408380310974745,3744,0
362,95,20,0.9818150423718023,7.422876076236105,3744,0
363,90,19,0.9627465544002285,7.665902050121404,3743,0
364,18,5,1.848127665458843,7.113698787513022,193,0
365,19,6,2.1000267115488467,7.289311379708601,177,0
366,24,8,2.2426074567709517,7.601866054462785,175,0
367,93,18,1.0704829527820496,8.15625000094294,3739,0
368,78,13,0.9649931335984536,7.446426221438704,3739,0
369,78,15,0.9771462171511488,7.7151014757422045,3739,0
370,80,20,1.0055447279541667,7.800429266327659,3739,0
371,92,15,1.140121221441746,7.891844724828624,3739,0
372,58,17,2.5185470516142843,7.608479363873115,242,0
373,19,8,1.930005129756503,7.8623122160378305,189,0
374,112,27,1.0842379483270534,7.276819823512276,3737,0
375,125,36,1.08564638217,7.897998052602153,3735,0
376,130,21,1.1340468819081084,7.83142482686576,3733,0
377,157,35,1.2743060724522657,8.328980199167528,3732,0
378,157,31,1.2417387631649963,7.702759090688549,3731,0
379,39,16,2.4068938891480123,7.838734677821818,203,0
380,18,7,2.112298313280666,7.383134681674237,172,0
381,165,40,1.2704748180248806,7.462200550321315,3731,0
382,128,19,1.2005880529628863,7.137573550798334,3731,0
383,117,22,1.128659792817817,7.099109694390121,3731,0
384,105,20,1.1027186876625086,7.674234317778084,3731,0
385,116,15,1.1159936070033603,7.3251939183827055,3731,0
386,25,8,2.056055102137787,7.859001270177328,192,0
387,24,4,2.104077185565626,7.573583533646615,191,0
388,160,27,1.2157317115436643,7.653117552609626,3728,0
389,183,47,1.255350035806768,7.976460218513465,3726,0
390,150,31,1.1658298013054307,7.76745013708698,3724,0
391,142,25,1.1944461298738298,7.443597469624948,3725,0
392,133,20,1.1333676906525834,7.419528042089689,3723,0
393,16,4,1.8615438088642513,7.507459831868871,173,0
394,15,3,2.0721488651023243,7.314063962730226,177,0
395,188,41,1.2947179163062417,7.8906890871390685,3718,0
396,201,51,1.3539734534757837,7.859940072113456,3718,0
397,179,28,1.3180007287778532,7.933471883455392,3718,0
398,254,58,1.4450458835338515,8.2103611723963,3718,0
399,186,35,1.3648336567678863,7.618232453220687,3718,0
400,23,5,2.100605625203671,7.727642363890491,168,0
401,28,6,2.2666271778273703,7.214811285145495,172,0
402,254,52,1.4952258469943869,8.163959284362473,3718,1
403,160,26,1.3289943722068627,8.194608829108688,3717,1
404,132,28,1.3025529972886047,7.57669852554211,3716,1
405,128,18,1.2225224426066037,8.090576774404838,3714,1
406,108,18,1.1711713995957016,7.377844267330914,3713,1
407,18,4,2.049974086219029,7.188199500349653,174,0
408,29,7,2.31550258596578,7.183668760874359,168,0
409,107,20,1.172139064903423,7.763430705009354,3709,1
410,153,18,1.2485799863644877,7.603100502932504,3707,1
411,90,17,1.0980436474248787,7.604739099231394,3707,1
412,119,29,1.0770685503327833,7.441977864092567,3706,1
413,81,23,1.023526194078725,7.447425067151885,3705,1
414,24,5,2.2292460344797647,8.023429094089323,188,0
415,18,5,2.121783875526318,7.408727545963551,178,0
416,111,22,1.0285213800652202,7.513247884675892,3704,2
417,135,37,1.0906083967186164,7.38012527063758,3702,2
418,182,49,1.1850668133483226,8.29854486269792,3701,2
419,126,20,1.0632160944952156,7.748022069228292,3700,2
420,169,47,1.1771657667662714,7.5525346349049025,3699,2
421,56,25,2.8032153658709364,7.716454900052589,239,0
422,23,9,2.0512519476327307,7.612443439705074,171,0
423,171,50,1.1103482585730826,7.501081259860946,3697,2
424,203,54,1.239465697811181,8.179250323246919,3695,2
425,153,31,1.1347362576994757,7.923308624464099,3697,2
426,156,52,1.1139045874800382,7.77622647261066,3696,2
427,121,15,1.063777495088825,7.944007179773606,3696,2
428,25,6,2.026593269084947,6.994950145632177,178,0
429,25,7,2.107430513071625,7.737748596373517,183,0
430,187,36,1.2716466489849727,7.798607088889256,3695,1
431,115,23,1.1445374706141185,7.689756959332941,3694,1
432,157,38,1.2085792094742889,7.991335593293041,3693,1
433,143,37,1.198634761373549,8.102552768428026,3689,1
434,115,21,1.1040551501168787,7.506285542054716,3691,1
435,20,6,2.1448652893158004,7.541620267068608,172,0
436,20,4,2.083893075457455,7.54143426617163,167,0
437,114,27,1.1062442117520288,7.328603477956341,3686,1
438,163,33,1.2677707425936704,7.563455164908051,3685,1
439,124,16,1.1429932715346294,7.704020933935602,3684,1
440,173,27,1.2896271462979658,8.26888498291832,3684,1
441,173,41,1.2910091206818284,7.736025015322849,3681,1
442,49,25,2.5943635602987194,7.774844444539588,214,0
443,20,5,2.008316989851872,7.887276585517047,187,0
444,162,29,1.1995608530018267,7.237282027476794,3682,1
445,108,17,1.1182244444275378,8.919069764994415,3681,1
446,169,45,1.2294810004664125,7.747452339368235,3679,1
447,131,26,1.1303973567006231,7.604738117218956,3680,1
448,127,27,1.1688764043955462,7.715423809469679,3679,1
449,28,6,2.3408613250722174,6.783924364912735,175,0
450,24,4,2.067034079185435,7.0986358361254505,168,0
451,114,20,1.1452039137450287,7.685475958222704,3679,1
452,149,33,1.2543915456173855,8.862475895484582,3675,1
453,193,40,1.383567191087467,7.521434623268685,3674,1
454,138,27,1.265042895617023,7.395384453823724,3674,1
455,117,26,1.1787092866643774,7.39403460615815,3674,1
456,21,5,2.040630114958339,6.986483399774462,178,0
457,20,7,2.182479246405939,8.091956693714323,170,0
458,200,48,1.3746086564819122,8.394234265773324,3670,1
459,217,48,1.4075745401046307,7.976031714541839,3670,1
460,229,44,1.4305613884532813,7.809994317580897,3670,1
461,273,46,1.4834699380741823,7.684806311646288,3670,1
462,175,32,1.2968233880379914,7.801951887218044,3668,1
463,16,6,2.0321793242239155,7.4309925791656335,167,0
464,23,2,2.087833212841954,7.11105449736917,165,0
465,169,45,1.2594314106391342,8.472720322869367,3668,1
466,184,41,1.2609851512479855,7.771412059012383,3667,1
467,133,25,1.2155215364192251,7.494622604904078,3667,1
468,143,27,1.200144419906698,7.061387912865135,3666,1
469,144,28,1.2111952551671945,7.560780132238773,3664,1
470,21,5,2.0858015130337373,7.217852929220789,169,0
471,24,6,2.059992985114809,6.76857471549462,185,0
472,160,29,1.2192353821506674,7.689600187809501,3661,1
473,160,34,1.247549135368266,7.552299091979481,3661,1
474,148,17,1.2085093684738089,7.505742055931154,3659,1
475,146,43,1.1632212757191323,7.528952558585559,3659,1
476,10,4,1.6940947768569277,7.084848540848824,160,0
477,26,6,2.1273225941821794,7.056504579207211,175,0
478,24,9,2.240697552836101,7.862265884546224,166,0
479,160,39,1.1527452799639029,7.867976455724261,3656,1
480,135,19,1.201696118722186,7.614083380339658,3656,0
481,108,12,1.0962505060407537,7.927162204344284,3655,0
482,98,16,1.090496082409882,7.770337904304329,3654,0
483,103,17,1.043715877706257,7.212415847820724,3653,0
484,25,8,2.313794157704942,7.250834635085975,152,0
485,26,5,2.2628362151574675,7.627121836050834,167,0
486,99,22,1.011603049271674,7.898326895555367,3652,0
487,88,11,0.987603670035115,7.918475286074932,3651,0
488,80,10,1.0269512759259085,6.940925342065015,3649,0
489,133,25,1.1612206908224494,7.931879035469295,3648,0
490,110,25,1.0843029352141227,7.359108745034811,3649,0
491,18,4,2.0262247343752597,7.785462352705937,182,0
492,12,6,1.9877055045502907,7.905687340046149,168,0
493,114,28,1.066847692056857,7.648916079449139,3648,0
494,124,17,1.158110278858551,7.27538964368227,3647,0
495,103,21,1.098594030440902,7.12275321798389,3645,0
496,192,35,1.2668975967972183,8.172270491596791,3644,0
497,187,42,1.3202848794920365,8.16960947239733,3643,0
498,60,35,2.7791727259188153,7.708322846871892,220,0
499,22,6,2.1726364704736665,7.499799047292967,166,0
500,175,30,1.2662116233212861,7.803714564307742,3642,0
501,147,30,1.1928097475560375,7.101827745492864,3642,0
502,202,37,1.3493609853970816,8.209203541714224,3642,0
503,227,54,1.400023025180059,8.283189972143221,3637,0
504,167,51,1.2534472271088093,7.808835425404313,3639,0
505,17,4,1.9677345707453184,7.460520338244967,169,0
506,22,6,2.2327719334625677,7.239308877771761,173,0
507,169,43,1.2945875155484823,7.998484440383628,3638,0
508,211,41,1.3886551658344,7.84929084556138,3636,0
509,156,29,1.3052851199116544,7.682248495531936,3638,0
510,176,35,1.3583577263186535,7.630217594892094,3638,0
511,138,14,1.200766028490998,7.515726107933959,3638,0
512,22,6,2.043896570819325,7.718559019696412,169,0
513,28,9,2.2491018623215546,7.0290023155842976,178,0
514,19,3,1.830677798203691,6.77133750111092,180,0
515,139,26,1.1861388427526698,7.319589448169723,3638,0
516,5,2,4.44429719230373,6.808046277630084,7,0
